pNN50,NN50,Rrmed,SDNN,RMSSD,SD1/SD2,LF/HF,VLF,PRV_LF,PRV_HF,SD1,SD2,NumSCR,AmpSCR,mTL,sdAmp,ctl25,ctl50,ctl75,ctl90,EDA_HF
0.172639677,0.437468447,0.717689896,0.906547787,0.769601713,0.958566891,0.778131238,0.204585802,0.391742071,0.67812077,0.589687672,0.616927795,0.876864228,0.567075173,0.390028262,0.816280203,0.934550447,0.188740767,0.21776602,0.389765598,0.679851542
0.913856266,0.819058713,0.79081118,0.175776383,0.35248475,0.358149546,0.672706475,0.129216283,0.203956492,0.475722285,0.02694936,0.066503014,0.087025747,0.224080684,0.379617787,0.969282043,0.041537794,0.821867257,0.062581614,0.033271255,0.379090181
0.376035949,0.140043473,0.710870198,0.588851858,0.235263216,0.050041536,0.79481451,0.554638168,0.354540954,0.162955704,0.711272978,0.284306981,0.745679615,0.510464823,0.220297619,0.195706122,0.71237948,0.85702503,0.409971006,0.302974269,0.894474796
0.178978488,0.873914656,0.247347462,0.285815563,0.829301844,0.828437931,0.398690504,0.947471302,0.52349921,0.649805437,0.159302748,0.755727557,0.765136143,0.528208568,0.65622603,0.067323596,0.333259904,0.052284901,0.576074834,0.73590203,0.557056456
0.758659703,0.350086591,0.826197939,0.145135471,0.672210363,0.208497371,0.972077255,0.852126648,0.795402702,0.492440989,0.243404864,0.544232755,0.677637932,0.732185683,0.168406174,0.616766042,0.796310348,0.657836957,0.359955521,0.053181678,0.938913378
0.774658607,0.948116646,0.057758233,0.557831828,0.01837265,0.690062681,0.223177871,0.670447724,0.438999294,0.193967508,0.961695135,0.876863089,0.183338032,0.421059714,0.803532405,0.688358695,0.304406967,0.184724867,0.756621386,0.455248685,0.45637587
0.315415957,0.484768276,0.001840327,0.57023243,0.701549964,0.391993048,0.324946163,0.712915126,0.989234486,0.598437228,0.497753969,0.918064346,0.436656419,0.932340562,0.378544949,0.310557243,0.314603135,0.027162783,0.837258031,0.065114447,0.832865509
0.922788958,0.191233998,0.348018745,0.809452502,0.514025544,0.037149339,0.102345619,0.214989894,0.915762192,0.984337448,0.33018863,0.646755252,0.72583869,0.615244214,0.965435531,0.053305029,0.797831002,0.547184014,0.666364614,0.035507216,0.95803766
0.584657431,0.619949204,0.135361098,0.252248964,0.743117041,0.51434899,0.774352549,0.860938793,0.817844174,0.426705367,0.307841183,0.957270837,0.407335804,0.886357578,0.146853875,0.125178901,0.736629379,0.469697537,0.592687938,0.992273824,0.394149898
0.875649789,0.526166079,0.529777428,0.532826147,0.358438819,0.144836996,0.552723187,0.681307112,0.382621359,0.192343458,0.498258805,0.166510488,0.552434104,0.358890246,0.441340657,0.940448898,0.53370813,0.757818597,0.294753377,0.154304088,0.438738383
0.766103288,0.013307521,0.481777204,0.129490252,0.405339277,0.726913124,0.970443088,0.60771653,0.192435978,0.351847215,0.1198029,0.206639304,0.274043552,0.379404654,0.772083011,0.958449868,0.864679858,0.018399859,0.484994525,0.614581185,0.868757493
0.747503346,0.523032001,0.00480044,0.245771481,0.132599518,0.452060126,0.392491034,0.567432845,0.218473882,0.744309013,0.730867689,0.182557774,0.012558307,0.653850303,0.569101163,0.960921599,0.827981438,0.133454808,0.265441334,0.871906328,0.758608472
0.024358719,0.973732736,0.223383743,0.387528894,0.051502863,0.029880856,0.456525438,0.015908751,0.402620922,0.043405165,0.097069067,0.673802819,0.566829646,0.191546214,0.510459232,0.07970707,0.134446419,0.9867969,0.938892637,0.538693779,0.060768072
0.59953255,0.626689278,0.278909307,0.604371493,0.794394544,0.517182967,0.113719919,0.550081491,0.656363966,0.581866331,0.563318128,0.732355385,0.05558728,0.614873309,0.894014175,0.794123226,0.282537457,0.067451531,0.367437095,0.747136133,0.246516032
0.469790875,0.349078363,0.833787692,0.804188456,0.961648927,0.127044769,0.346844149,0.748629589,0.651867287,0.38179818,0.306022174,0.128344734,0.528306303,0.175167126,0.304247002,0.156624061,0.933838463,0.484879709,0.335396679,0.138533044,0.160404703
0.799712634,0.709004728,0.090492704,0.365638703,0.982560564,0.590072683,0.800652127,0.961946714,0.43416095,0.674842997,0.35060916,0.549885374,0.099304523,0.658609082,0.705289232,0.228252974,0.455007365,0.018021242,0.58279215,0.245511537,0.004913949
0.967606924,0.938290598,0.790604437,0.042555454,0.051891625,0.548913888,0.898289953,0.554615965,0.285036674,0.184279419,0.354190813,0.497341547,0.099218726,0.496441108,0.822724931,0.706867059,0.531317529,0.668228906,0.29154371,0.425347253,0.691709515
0.820203926,0.434110027,0.619632313,0.256526315,0.664332811,0.891676589,0.058977732,0.392621217,0.232914672,0.228885387,0.429548656,0.124440474,0.641592529,0.344116453,0.725036731,0.071842203,0.22701545,0.564614746,0.858038794,0.413440533,0.404371766
0.930415375,0.161602202,0.905684324,0.198644005,0.194067072,0.827616436,0.018062635,0.858751333,0.596842026,0.751659705,0.245987527,0.652893491,0.516156559,0.165639595,0.22826215,0.128539383,0.862130793,0.509728301,0.763468147,0.159126761,0.204159548
0.35985781,0.841028203,0.675511266,0.868854467,0.580298487,0.892009555,0.873678955,0.063626109,0.043806843,0.997912325,0.228224409,0.441727664,0.360547182,0.058188622,0.212799794,0.879422706,0.672703527,0.388231937,0.937272797,0.568132855,0.759075902
0.689683191,0.708182685,0.316879948,0.905288191,0.503706305,0.71382114,0.935199596,0.800464376,0.631867915,0.407012774,0.866529943,0.741274507,0.480936264,0.13364214,0.668834194,0.439982721,0.222877641,0.403153189,0.296886573,0.507554434,0.89530709
0.755672769,0.030840772,0.118492748,0.559996552,0.030165626,0.121267752,0.249353182,0.221858996,0.37109185,0.226569696,0.822297934,0.50175517,0.467322466,0.725898782,0.660795656,0.396362679,0.119794525,0.748046458,0.067057664,0.764424736,0.013493942
0.226050442,0.720338695,0.176897007,0.633648481,0.400662977,0.219809851,0.775081294,0.183568904,0.27533778,0.295212465,0.724189915,0.578246663,0.484744877,0.48530393,0.697017691,0.812344918,0.242353109,0.27520545,0.463183411,0.174547491,0.312066989
0.564608105,0.540319383,0.888602264,0.166742093,0.299822534,0.386695815,0.28404408,0.682248274,0.664114595,0.323496076,0.128885884,0.493375802,0.343007663,0.128484411,0.501288512,0.627264143,0.032079431,0.514586809,0.463230304,0.935707834,0.239270967
0.530718905,0.573192876,0.500791279,0.86158039,0.579886879,0.025496776,0.07247375,0.175081203,0.400518419,0.237331603,0.659173452,0.191436071,0.878983646,0.289079907,0.183800762,0.296694378,0.089814279,0.312401581,0.10416012,0.316399679,0.852800894
0.038594583,0.422215397,0.083033502,0.027537825,0.540751332,0.002601081,0.977521534,0.811268142,0.110747056,0.67702993,0.946254431,0.090348466,0.529510949,0.821979233,0.683393752,0.89679164,0.743838764,0.787996988,0.879875679,0.57666727,0.774585204
0.180403231,0.573309835,0.24432882,0.144512922,0.912126544,0.22148672,0.633510157,0.769041404,0.74025172,0.113742134,0.774613977,0.720443549,0.497948782,0.035148979,0.831893933,0.082603325,0.598072588,0.834701543,0.713900345,0.310604357,0.484650326
0.664410739,0.384830546,0.479624463,0.170986522,0.843535008,0.662103248,0.056167197,0.505547591,0.706080784,0.770624632,0.196226788,0.888355706,0.946495873,0.714745731,0.464268972,0.503867709,0.056110841,0.429029758,0.731170577,0.913588023,0.938651344
0.86427712,0.731021263,0.046721682,0.710258433,0.404821873,0.318226873,0.429533389,0.771642644,0.382915645,0.087685188,0.477927153,0.459653375,0.544028661,0.770315147,0.633401791,0.102019549,0.125403727,0.059739984,0.480132608,0.010344876,0.005852898
0.637037101,0.417693363,0.873417578,0.060051208,0.286253188,0.32437234,0.527548792,0.388477797,0.864002685,0.773364553,0.575249287,0.564641898,0.78572049,0.492017229,0.744314954,0.302012101,0.77721501,0.683834948,0.278007365,0.766699118,0.271069117
0.896449469,0.56276835,0.037108705,0.899631603,0.70663459,0.403848622,0.341475727,0.620853578,0.2433705,0.734601685,0.480269373,0.053710492,0.068907328,0.698067665,0.980448801,0.122672929,0.433021287,0.436867727,0.948942476,0.110945733,0.106262722
0.112909238,0.426066918,0.803973043,0.830270132,0.490695004,0.005075785,0.313048093,0.98544928,0.019306712,0.148104058,0.423634701,0.613521936,0.577167489,0.401722443,0.332568332,0.080657839,0.373796288,0.547591548,0.412398544,0.992265501,0.187939948
0.409585371,0.414036804,0.678555827,0.02838464,0.874134981,0.531533311,0.955359079,0.640141229,0.871995654,0.418189229,0.910307671,0.838064837,0.340841646,0.847933207,0.769572105,0.842801665,0.056474785,0.262483615,0.383387993,0.874608764,0.091443889
0.764542452,0.244658614,0.033023034,0.942641368,0.037877716,0.042403992,0.576051059,0.6211463,0.160534001,0.381227792,0.633462156,0.020087487,0.913613985,0.141418785,0.436756874,0.839164363,0.994977191,0.466791767,0.179615771,0.394237939,0.737293016
0.4276997,0.034047169,0.623939253,0.505431649,0.437951601,0.632069063,0.645446024,0.039508965,0.186269062,0.019693363,0.436070661,0.174492446,0.710452912,0.564996459,0.250212215,0.814942114,0.898630024,0.199056677,0.297519621,0.563439021,0.33355921
0.695901149,0.641922317,0.33386362,0.381288428,0.821848802,0.448152011,0.298450522,0.462551261,0.044898468,0.419992721,0.273957225,0.102874623,0.379474531,0.006191512,0.761300418,0.563146639,0.410978484,0.408864679,0.927046731,0.505987632,0.473981126
0.809529316,0.777703222,0.577766729,0.858232813,0.75351016,0.435283556,0.630136077,0.541135681,0.837443636,0.87583858,0.477407855,0.338339412,0.97678982,0.07901657,0.763611148,0.691226258,0.876618347,0.954197619,0.395672664,0.826906113,0.288066525
0.413453465,0.761744068,0.796635717,0.412093471,0.802270211,0.600164013,0.652008644,0.001857685,0.450106125,0.847019589,0.653324024,0.776182621,0.831285465,0.772180165,0.585196641,0.732440514,0.421204115,0.56402298,0.673539129,0.634215649,0.235171213
0.586373938,0.802076888,0.852519301,0.342412985,0.247596801,0.322981902,0.958163112,0.379963952,0.379813474,0.441016346,0.790893072,0.757589477,0.510369213,0.563560222,0.938650786,0.096086046,0.547060233,0.645492809,0.103104712,0.019721035,0.724352425
0.162791065,0.377903047,0.272076273,0.965847942,0.12178401,0.890392881,0.192598588,0.99811024,0.507917957,0.832108868,0.018681287,0.191809964,0.26265078,0.203256984,0.427933059,0.390692833,0.353966757,0.69223123,0.394837788,0.011673626,0.868320257
0.253397706,0.486674058,0.256022329,0.122798542,0.697154762,0.036945319,0.229410308,0.360387836,0.525173623,0.252930869,0.151739051,0.788157858,0.789413946,0.330342538,0.044504356,0.382657989,0.879735471,0.328029789,0.039034381,0.063830427,0.767076995
0.896201753,0.899039191,0.471415452,0.264416974,0.922718774,0.868796608,0.203761135,0.466398065,0.339808639,0.534772161,0.508674906,0.968108445,0.488622764,0.230592198,0.456879736,0.896523298,0.470196872,0.937820547,0.238775009,0.485824215,0.931894095
0.225230887,0.403157103,0.642953892,0.920605084,0.213737501,0.757534474,0.278456885,0.643079318,0.955227817,0.999855685,0.019532781,0.685790188,0.634411629,0.104618979,0.06286458,0.832621158,0.521910579,0.349279449,0.558298963,0.534100735,0.298112829
0.644377182,0.130427579,0.528732928,0.548441039,0.19222361,0.534978523,0.137214078,0.756218226,0.515616497,0.041192499,0.85859733,0.312868208,0.694529344,0.657424836,0.63551568,0.05628973,0.285657553,0.966682401,0.801525563,0.453442054,0.664433419
0.828211425,0.35147984,0.762888133,0.743051141,0.331297545,0.245263097,0.428336718,0.724726929,0.512173059,0.015591335,0.567618593,0.542931959,0.79516347,0.943074942,0.961498094,0.39085783,0.479103337,0.365193206,0.838969215,0.697941205,0.131021835
0.750916715,0.836868859,0.801938702,0.31015935,0.144083022,0.581913464,0.694608503,0.615693325,0.462659463,0.975204221,0.590565731,0.033102645,0.986167183,0.356681044,0.068572809,0.399076886,0.375021807,0.574286321,0.649446731,0.816191407,0.9561073
0.583701639,0.338060384,0.747189991,0.699173636,0.591552975,0.698596327,0.783196353,0.645972848,0.22906952,0.092626088,0.178380879,0.526106337,0.50421667,0.507649889,0.219537341,0.501470759,0.85952625,0.007843541,0.542222149,0.605936215,0.202703332
0.809147883,0.214047325,0.230900591,0.285114086,0.24253478,0.370709295,0.185025115,0.169400555,0.024816436,0.449437826,0.599118724,0.542458349,0.459188099,0.376953247,0.995172424,0.70030599,0.099900583,0.02114856,0.190917888,0.123480653,0.600800695
0.197549238,0.087564074,0.637124974,0.635380135,0.355718117,0.224210311,0.91177296,0.796129048,0.445188429,0.625979649,0.774852489,0.34879145,0.180262203,0.246741265,0.832966406,0.601030307,0.405724469,0.602811035,0.702328218,0.90992283,0.387905054
0.175831593,0.046742467,0.592892969,0.191925955,0.778144046,0.810486582,0.362611571,0.009317073,0.70970904,0.291520741,0.525351324,0.135051602,0.350473016,0.347728935,0.724143903,0.518382875,0.156016223,0.540283944,0.250839347,0.639062446,0.963026982
0.655420121,0.307752031,0.698240836,0.722049993,0.047480099,0.714557177,0.726612205,0.300978784,0.821929632,0.941037062,0.56582941,0.51334504,0.504112515,0.642579865,0.499360074,0.709835373,0.929151675,0.129063421,0.184086138,0.879314074,0.283388936
0.388151227,0.517965928,0.835232018,0.359879274,0.431366804,0.976516791,0.6610651,0.145660298,0.891555898,0.079895505,0.899259873,0.036318995,0.647734239,0.473513628,0.887085662,0.649252623,0.301306115,0.612887005,0.748458674,0.800111624,0.226627131
0.292087154,0.624041671,0.954184171,0.601579668,0.336074682,0.328986323,0.770584503,0.905620165,0.719287893,0.508530315,0.163961745,0.373396645,0.737468778,0.600629998,0.97017703,0.928512759,0.239917577,0.808304396,0.753288621,0.400615795,0.488606106
0.521897157,0.562553814,0.838368149,0.64079762,0.350122942,0.713740816,0.644287849,0.560168285,0.161339529,0.635792428,0.402889884,0.078553645,0.981457196,0.280874165,0.634154756,0.604533966,0.807866749,0.678006453,0.000590712,0.451434974,0.239016627
0.630457398,0.215231346,0.880818053,0.489618435,0.146117921,0.104240386,0.491393799,0.947996559,0.205100039,0.998208267,0.035795198,0.595656634,0.934566973,0.633386563,0.34127893,0.197055842,0.212046638,0.385585828,0.479200916,0.431227578,0.796730106
0.209428177,0.655300952,0.138217074,0.720153904,0.21197447,0.441212694,0.831411315,0.939087197,0.926570871,0.76464255,0.805584325,0.568293769,0.593273058,0.665846662,0.183900678,0.654419771,0.685439117,0.016959415,0.37224475,0.401405602,0.408516275
0.555205983,0.538554528,0.847097138,0.951692943,0.738957094,0.115087173,0.084581919,0.759026842,0.772428892,0.306277824,0.104617246,0.577582298,0.076006103,0.468194437,0.549384486,0.649946349,0.250247301,0.235684185,0.970745993,0.873418118,0.708976626
0.764246201,0.174915676,0.680844969,0.644738128,0.303230488,0.364299236,0.968158761,0.979673747,0.094354674,0.589959995,0.831372253,0.984525852,0.767406517,0.140392323,0.636743125,0.769870234,0.310882085,0.498874714,0.938292449,0.044133591,0.833422197
0.390012632,0.900560868,0.726050655,0.145000409,0.062325179,0.997258289,0.087931115,0.322168729,0.449864578,0.219886126,0.601713172,0.502717894,0.973202028,0.783732471,0.742592073,0.023057738,0.822257602,0.21824018,0.460813517,0.082142771,0.453755864
0.433460343,0.591803209,0.294092379,0.666952506,0.319126157,0.448269181,0.99323723,0.782501503,0.612100564,0.919705131,0.375895818,0.460726005,0.490694265,0.437109981,0.163175561,0.649307474,0.170022437,0.608567373,0.261578303,0.596140538,0.716173998
0.93044987,0.669442643,0.484969949,0.38629931,0.016076952,0.221098725,0.428750977,0.155818806,0.777982265,0.940700546,0.125433329,0.438691268,0.104412526,0.168083082,0.535723216,0.844978858,0.055637653,0.470358215,0.103154277,0.175932357,0.035541005
0.355318616,0.715133123,0.981422547,0.283477801,0.222336985,0.732056058,0.697878729,0.437721835,0.086829215,0.549031249,0.528270851,0.858902857,0.491450183,0.767524425,0.086600454,0.172140206,0.547936553,0.70125163,0.784254754,0.098878656,0.842593809
0.569976547,0.757484572,0.343650984,0.272764723,0.249716897,0.849650216,0.064744749,0.028191235,0.31742187,0.785897049,0.495410864,0.924268392,0.647243963,0.10701331,0.962525764,0.466635428,0.721434835,0.629826559,0.012376114,0.121699985,0.706126222
0.555586853,0.474054779,0.07711391,0.998090946,0.665221005,0.571911103,0.10551131,0.745481522,0.64120144,0.639576801,0.837402701,0.762930096,0.531419731,0.74491933,0.04347709,0.925777421,0.266580538,0.449807076,0.375262851,0.870902017,0.317843667
0.547066511,0.369638089,0.018385188,0.271099211,0.991274758,0.113206848,0.659060305,0.048943762,0.316475875,0.70654848,0.401363181,0.525928865,0.692804881,0.180378836,0.677625164,0.706587029,0.617976921,0.067778342,0.280814001,0.390384335,0.205248464
0.053100399,0.304310966,0.328844227,0.59091984,0.282876292,0.975992363,0.456318703,0.408580159,0.779375039,0.243132591,0.600579023,0.155948737,0.924787981,0.325396128,0.757019603,0.199275738,0.873180731,0.19600718,0.937402263,0.250580517,0.28360586
0.847870396,0.654545643,0.574358183,0.12036125,0.757475573,0.82851444,0.552755445,0.413427973,0.298165064,0.91544949,0.771869549,0.533180063,0.922341946,0.008924566,0.878162392,0.167903468,0.34070707,0.115443661,0.521208428,0.378594205,0.337229419
0.633276146,0.455149292,0.865538161,0.555569954,0.814505681,0.954083216,0.780066866,0.403923121,0.123999438,0.575883155,0.217942903,0.407570188,0.837219536,0.434470627,0.519183667,0.048214872,0.744063493,0.428626792,0.984230006,0.871839992,0.397306752
0.220531074,0.628701153,0.031155542,0.866440609,0.703363774,0.408900103,0.320248502,0.388074553,0.506109097,0.095776944,0.36531638,0.704224046,0.781270547,0.605282098,0.600528155,0.777041771,0.25253719,0.343572057,0.758205851,0.11570371,0.131785739
0.972012297,0.342788678,0.766944912,0.146254673,0.014234648,0.533358874,0.562091324,0.820683973,0.437557823,0.259189739,0.149855822,0.140184435,0.597696762,0.512554627,0.047610368,0.006565901,0.253811381,0.870238631,0.364620424,0.15414371,0.838477848
0.883832494,0.909715129,0.713781777,0.700017573,0.670542559,0.966551841,0.509264846,0.441991162,0.873658157,0.95667827,0.724320527,0.373116519,0.330697196,0.042297226,0.019252869,0.010025232,0.844076377,0.743713642,0.298894208,0.63693844,0.583953318
0.341141835,0.446221411,0.201479624,0.298806647,0.690153206,0.960181198,0.006485384,0.138839679,0.156246891,0.062338038,0.427318242,0.351281089,0.387298601,0.480504378,0.654034335,0.596584223,0.601655872,0.514428753,0.433787799,0.992886707,0.720380231
0.49625793,0.79744667,0.681351983,0.123921453,0.509354104,0.881745431,0.681153546,0.018408701,0.838793908,0.324526479,0.141835279,0.645354667,0.792438269,0.879669522,0.882909402,0.682007357,0.79981862,0.644753232,0.446066698,0.261586405,0.343574455
0.603921337,0.874875613,0.200990327,0.821734685,0.78395357,0.592168211,0.090614039,0.436480446,0.67402264,0.744384472,0.395176498,0.922627316,0.146853827,0.042598685,0.71533089,0.795130518,0.418131648,0.03237424,0.411338589,0.020308979,0.36145088
0.941403063,0.804899459,0.707256501,0.101644137,0.476406559,0.864346507,0.424833883,0.710256227,0.922374715,0.987138182,0.731709025,0.884883367,0.080470881,0.349932754,0.233255621,0.219068031,0.168225229,0.369669147,0.738186537,0.185845554,0.100770898
0.835024529,0.686690944,0.99293975,0.890511488,0.896782243,0.806361082,0.484927893,0.405118095,0.83351697,0.696117681,0.241020627,0.402543362,0.331515674,0.30282822,0.014760587,0.529016032,0.704261867,0.556419433,0.24712762,0.656663842,0.045042599
0.512459266,0.426441353,0.112131866,0.314696697,0.602750693,0.01831079,0.49481747,0.175452698,0.827607221,0.826745097,0.575137868,0.144470446,0.179861285,0.982385262,0.503436533,0.186534959,0.682063855,0.371563404,0.798507958,0.569371732,0.003278337
0.988238409,0.913431763,0.606479972,0.48977745,0.059963214,0.760349408,0.387386604,0.107609834,0.028938406,0.308179773,0.755811074,0.644025013,0.841418612,0.699303608,0.97521052,0.8856137,0.330901772,0.400748133,0.162793583,0.406545935,0.659541078
0.258154219,0.088484929,0.2211084,0.294102897,0.32702938,0.174637122,0.762335968,0.891778529,0.123938752,0.947249206,0.557515047,0.152134669,0.202356896,0.442771955,0.511433209,0.585009182,0.433285396,0.458755324,0.09333247,0.345436309,0.649589544
0.159523243,0.442942877,0.831882403,0.014224667,0.123611814,0.372335612,0.531424569,0.042009478,0.086236521,0.200978294,0.893768438,0.60266585,0.850275258,0.547148438,0.68780356,0.668036301,0.403063047,0.355412857,0.520787458,0.896767095,0.406929436
0.05988529,0.988536985,0.806918023,0.2947484,0.395815309,0.33889714,0.188006251,0.021365492,0.606514976,0.332091555,0.917591236,0.059623014,0.217459484,0.960979621,0.499470945,0.800106213,0.872196596,0.645019359,0.223417682,0.508100207,0.756635283
0.856806092,0.500994882,0.275697232,0.95735492,0.271189716,0.327530139,0.244085557,0.325878336,0.52126498,0.872731712,0.459862393,0.405944319,0.469362192,0.573043425,0.775102362,0.848138471,0.750876005,0.484955125,0.217904327,0.498672923,0.24883342
0.867402442,0.22513285,0.561720114,0.140628298,0.72534465,0.950012949,0.869477385,0.78043556,0.067746587,0.607097964,0.948400635,0.623459353,0.862549798,0.503480672,0.887417441,0.906128658,0.143838066,0.016427915,0.242066859,0.620796766,0.032995842
0.9783126,0.791662735,0.769564615,0.117443555,0.156501447,0.537687784,0.794198219,0.109872007,0.756383236,0.500616453,0.305050227,0.891994186,0.847456975,0.004301759,0.253677688,0.714643402,0.328680087,0.870123279,0.011933373,0.081619639,0.90885404
0.403891994,0.675723424,0.406135069,0.10287539,0.574913031,0.565648914,0.431956837,0.314824567,0.710358835,0.622428574,0.573554895,0.210777419,0.424953395,0.303789837,0.407425709,0.056555938,0.204578157,0.343432611,0.893343945,0.569787965,0.361447821
0.378929787,0.461890279,0.788814942,0.518997319,0.843629889,0.391447175,0.139839935,0.471562149,0.927174115,0.576221101,0.985939716,0.823817102,0.365912539,0.634892551,0.16268495,0.800236526,0.730600599,0.389737346,0.672958629,0.76999247,0.641248266
0.629127203,0.922565708,0.692975116,0.825374416,0.590054386,0.024544345,0.95617909,0.065850229,0.235889374,0.695268696,0.048224336,0.35121574,0.873703413,0.503886655,0.153716226,0.260811388,0.148754126,0.410961523,0.912523327,0.632641611,0.69822656
0.031473742,0.953703662,0.278911969,0.020608811,0.204665948,0.867693487,0.132559058,0.999051243,0.739521393,0.375411435,0.448424636,0.950458524,0.722126552,0.650229529,0.378685718,0.95733732,0.415874791,0.974777816,0.850564885,0.630010175,0.987094333
0.884206209,0.209958884,0.019215458,0.798015972,0.584053369,0.911161234,0.824692211,0.836697677,0.091081711,0.957172647,0.816455612,0.592636596,0.492862852,0.701897987,0.650727569,0.858218781,0.91141446,0.381608653,0.239027477,0.368484266,0.570944983
0.438352427,0.841280545,0.406626236,0.344849916,0.344812161,0.036274822,0.633200715,0.612322074,0.677924925,0.650683706,0.081561567,0.936494505,0.824954161,0.732326372,0.413727567,0.841971914,0.253178223,0.962290306,0.808349736,0.361206064,0.65756446
0.971455883,0.332775905,0.183411222,0.918488258,0.32850953,0.753658399,0.631209507,0.894304635,0.467449019,0.33019746,0.574511149,0.368708207,0.790154072,0.240282011,0.729112499,0.204415027,0.89063733,0.842525093,0.46025397,0.065204813,0.326954347
0.315487712,0.337877145,0.978051556,0.467131741,0.834162208,0.217632555,0.130190639,0.585181214,0.739612249,0.076551898,0.191495002,0.831313289,0.891463695,0.836252959,0.706560234,0.996864412,0.456827434,0.09897352,0.440952557,0.433642353,0.582584711
0.249169304,0.975880889,0.09774068,0.501039051,0.205933573,0.399125922,0.770169669,0.092884956,0.420418073,0.854245782,0.305994641,0.651788687,0.813921829,0.816369001,0.822463608,0.656140356,0.203250346,0.295134406,0.726034831,0.043295474,0.245114517
0.209759573,0.187943862,0.33835826,0.980677149,0.920405547,0.795808046,0.276301838,0.002070161,0.898293451,0.519597924,0.817708896,0.624848843,0.889866827,0.322966812,0.645312187,0.331004085,0.201834314,0.358285122,0.608607059,0.376881482,0.042007491
0.975853487,0.182458569,0.429325758,0.698188985,0.221856997,0.795547636,0.720196793,0.287523312,0.844979191,0.0750135,0.312228912,0.850624533,0.18920945,0.081493487,0.044450192,0.968134016,0.829531416,0.311939358,0.566182427,0.180885536,0.003454901
0.104655908,0.654935312,0.675804282,0.25184047,0.212009338,0.270583786,0.201093085,0.475311394,0.966639917,0.07087331,0.314569295,0.505841354,0.933787968,0.360296263,0.172033922,0.443733196,0.553430222,0.886735033,0.619080574,0.412757801,0.967730468
0.434823123,0.71446469,0.278816216,0.625192384,0.859149762,0.591284984,0.51044719,0.22910698,0.175547376,0.380194871,0.100503962,0.733435679,0.717465868,0.594027881,0.31521279,0.752909074,0.004499438,0.635511299,0.568884805,0.277496789,0.651177044
0.056685547,0.629089897,0.236814094,0.957084871,0.385013546,0.98898369,0.261016286,0.985372991,0.594755034,0.445432445,0.335782067,0.088764867,0.62916257,0.789091281,0.343398749,0.417136282,0.117586265,0.450227102,0.957493087,0.823265619,0.591739663
0.242579109,0.488396511,0.212735503,0.168977227,0.047562117,0.805794977,0.479164222,0.693349277,0.451299178,0.795943688,0.372019677,0.417194327,0.430835574,0.113981414,0.642029248,0.130690617,0.549444249,0.09802937,0.19836035,0.630679586,0.026820829
0.513574607,0.786333333,0.16397905,0.955578674,0.295048136,0.049191401,0.877402274,0.05195076,0.052781136,0.877254154,0.072395237,0.970874136,0.110224053,0.798461807,0.400406242,0.738539772,0.130744766,0.190232582,0.367807175,0.072311029,0.418342353
0.535438406,0.392033398,0.57904661,0.285783385,0.605844101,0.185452776,0.553962859,0.631112506,0.73504431,0.182821591,0.230478735,0.985566863,0.845678211,0.786377243,0.864054825,0.629194871,0.477042562,0.970133075,0.146470137,0.012398592,0.720634348
0.835512298,0.562317488,0.160758365,0.487639619,0.774129071,0.435783346,0.786520093,0.669660305,0.950958938,0.09012609,0.525145694,0.168122018,0.225345153,0.278062667,0.84256751,0.021506413,0.896294991,0.512599253,0.238984254,0.584179701,0.14975887
0.880824129,0.695530429,0.373636186,0.794386371,0.718428391,0.897069748,0.912926339,0.544689025,0.916891838,0.371251626,0.80544581,0.594903144,0.695199046,0.928061614,0.715291854,0.394299712,0.282836294,0.828708469,0.445514959,0.955540577,0.741042215
0.558759111,0.6686906,0.870558962,0.99426291,0.725578863,0.029302367,0.135950743,0.499756629,0.589942038,0.023658478,0.275056088,0.320572621,0.94472397,0.222480388,0.221020369,0.227984365,0.122743393,0.88416292,0.129483989,0.946673693,0.739963613
0.411078615,0.885186803,0.70354974,0.978744085,0.024261705,0.104824284,0.463252443,0.603829514,0.934474215,0.337001943,0.425084565,0.461175668,0.966436782,0.638568213,0.818492276,0.665631072,0.430814141,0.246953497,0.484729812,0.282309922,0.900013817
0.413659374,0.687992416,0.498405172,0.405456808,0.234734799,0.607380584,0.618950372,0.153811978,0.672416083,0.028257128,0.484896359,0.079840568,0.717253703,0.786717466,0.226310284,0.790133148,0.451018095,0.719004588,0.578884921,0.843646538,0.322029898
0.746105165,0.560032929,0.255095796,0.351705994,0.010865521,0.737719062,0.86641675,0.272561462,0.074567975,0.1442934,0.724308956,0.456443533,0.264119687,0.356209625,0.215519348,0.867144504,0.579012303,0.611903872,0.592729592,0.239199541,0.771809098
0.905008034,0.781706338,0.959709355,0.905124518,0.744152262,0.719285933,0.853527387,0.854305071,0.940262911,0.392394393,0.818964336,0.574906643,0.724786326,0.365228548,0.121352889,0.801564414,0.416265305,0.619761472,0.18561049,0.462895816,0.547638419
0.166982319,0.910941173,0.470496978,0.069428432,0.12265977,0.124751685,0.836658247,0.279780811,0.256690649,0.843089909,0.935315035,0.505205432,0.310972542,0.049720144,0.442865534,0.37003765,0.22045753,0.328915081,0.645463518,0.943131935,0.854648111
0.138308012,0.039328363,0.976068069,0.771623895,0.84212609,0.130031777,0.018800394,0.330427437,0.643709289,0.110036026,0.86333678,0.481174051,0.357996912,0.675932293,0.873401885,0.487644497,0.455446757,0.589298574,0.458008624,0.377452898,0.495960232
0.229410147,0.91566663,0.647918932,0.336708805,0.293262003,0.346779535,0.353308185,0.020871295,0.076858794,0.478859269,0.989303001,0.84686886,0.314703336,0.347754025,0.173389803,0.799745497,0.641791996,0.985098371,0.564816483,0.929397194,0.697338683
0.299805639,0.109057991,0.094110842,0.734806008,0.917861299,0.574460022,0.376405927,0.767260738,0.187527975,0.907705002,0.066198558,0.811087556,0.576957936,0.429462426,0.498281836,0.500283401,0.72236467,0.645314485,0.254069208,0.128004588,0.782634844
0.81887136,0.15517815,0.204308207,0.116480942,0.808514046,0.075595878,0.267653495,0.642362988,0.280154451,0.908712825,0.703769427,0.779298357,0.897630961,0.256777542,0.906169315,0.484750052,0.645310558,0.920570177,0.250693106,0.200848225,0.380906345
0.472750701,0.728641743,0.372401563,0.26443349,0.537289029,0.819264687,0.171657447,0.080393559,0.862906935,0.257395789,0.931454313,0.42869048,0.430486162,0.178018447,0.698853985,0.426268654,0.006272996,0.470038526,0.891927554,0.962617423,0.10202185
0.086540775,0.909172134,0.15146767,0.949674118,0.664948143,0.82224448,0.313274283,0.278330919,0.698415136,0.941549599,0.334399103,0.780767547,0.350509524,0.86163958,0.855794045,0.922190936,0.387836596,0.203217148,0.443869084,0.603842823,0.134309503
0.980570755,0.511617761,0.672882943,0.069670735,0.395510401,0.044994946,0.832547615,0.671506414,0.347206071,0.296679813,0.981899261,0.328695042,0.499449452,0.293007808,0.295986767,0.222965605,0.631411145,0.241109971,0.575650086,0.234776163,0.851644528
0.284846169,0.488471183,0.860436302,0.597808309,0.572550137,0.241586895,0.467434527,0.265323476,0.019571886,0.352152286,0.680566878,0.450474333,0.865235277,0.988409116,0.91552733,0.158413358,0.879463507,0.650737868,0.166405853,0.113982091,0.07420844
0.792559203,0.6746097,0.680453118,0.112217627,0.17150361,0.856935731,0.827597318,0.454179733,0.559905696,0.42836681,0.744517927,0.020445223,0.93898583,0.661480928,0.722568212,0.047261615,0.302704558,0.535585878,0.314890131,0.362200126,0.869181398
0.979390069,0.343598794,0.960045731,0.13507297,0.758348873,0.041701681,0.411934621,0.249028131,0.942068837,0.159643776,0.035306016,0.623577942,0.658127251,0.663817069,0.758807157,0.647864631,0.863500889,0.623628467,0.180057301,0.492967111,0.814117714
0.128058506,0.987220841,0.985328404,0.825473025,0.221590526,0.806038579,0.898701022,0.700877662,0.295881556,0.814963689,0.311433086,0.583192459,0.183419888,0.770467943,0.785368025,0.127064816,0.294938277,0.628854416,0.52074128,0.277941691,0.872532881
0.915742323,0.771223301,0.708834056,0.774854771,0.671645331,0.697439368,0.810310954,0.484278311,0.005203657,0.197499384,0.378188485,0.157705842,0.761274918,0.565036347,0.221233755,0.017423977,0.470746871,0.339590044,0.397798869,0.597613161,0.651571004
0.700966659,0.094373862,0.519791431,0.454790543,0.113574152,0.937720253,0.3587228,0.899076895,0.699932942,0.850543793,0.602031284,0.160082875,0.271678509,0.258645543,0.149440532,0.9404299,0.304062147,0.315520962,0.16254566,0.579012171,0.034089535
0.664245234,0.630476083,0.385959896,0.091056536,0.833324659,0.564591079,0.53671022,0.614260615,0.247666307,0.170383112,0.211390223,0.442493182,0.976065114,0.664042702,0.271992036,0.20686711,0.872323653,0.354440229,0.92393321,0.810621763,0.791901749
0.452793761,0.759233546,0.148742469,0.53800063,0.576553967,0.183917663,0.995642664,0.748158308,0.125633631,0.882037301,0.115264246,0.948291622,0.672685701,0.995872071,0.959387512,0.166306501,0.948748077,0.880890321,0.693681835,0.880413614,0.071201233
0.193983276,0.002369229,0.739321838,0.867100976,0.213292665,0.384535297,0.067364398,0.530650637,0.666577636,0.160398871,0.86697406,0.622629515,0.210122516,0.663195936,0.84262996,0.333401778,0.860449181,0.965549986,0.659537189,0.759513716,0.377028262
0.769723769,0.455569727,0.263757055,0.727434824,0.61119924,0.488735282,0.91866238,0.245658195,0.981321719,0.568536889,0.508729256,0.003223037,0.396950762,0.033046954,0.748723747,0.938274192,0.823820205,0.575265185,0.095729212,0.757611973,0.928358348
0.243593267,0.991291361,0.774539485,0.606667266,0.203570454,0.560405321,0.830245161,0.98600303,0.939677807,0.223902895,0.350429749,0.894512259,0.020268429,0.733726714,0.230494579,0.537428168,0.410371736,0.015010957,0.892322475,0.370252648,0.863860193
0.543187426,0.704457688,0.77823767,0.489694538,0.406072326,0.184068797,0.291019978,0.334484087,0.286466439,0.291472402,0.718310773,0.233678834,0.077036151,0.566535835,0.195435898,0.954857207,0.692696605,0.268911006,0.136314521,0.752934524,0.718357526
0.338996013,0.380975905,0.257726367,0.457698957,0.561759928,0.051958582,0.909145707,0.31059154,0.719543467,0.145241413,0.273615806,0.771113849,0.166818762,0.317635904,0.626505655,0.920947849,0.723136869,0.887877947,0.869859385,0.591688352,0.079453375
0.662317055,0.202385015,0.863242692,0.86459346,0.161323409,0.069642633,0.867121412,0.285699544,0.220888581,0.048325553,0.271318294,0.783518582,0.669848036,0.486428027,0.857749104,0.588485128,0.253309136,0.069848582,0.900637474,0.506033513,0.261139685
0.635054479,0.518663576,0.235894765,0.085661043,0.865934268,0.635376312,0.189609834,0.215569195,0.107635795,0.547576516,0.439048786,0.872449594,0.933837297,0.773080566,0.659364733,0.037863263,0.555960533,0.603578527,0.367651273,0.944386628,0.547236833
0.22236188,0.116542283,0.76769569,0.264418818,0.732898459,0.16700409,0.996079968,0.235485585,0.220503917,0.585200306,0.323292237,0.451598496,0.612385018,0.029758468,0.731949177,0.844312128,0.913256754,0.405902372,0.231854934,0.175670889,0.129963573
0.242605096,0.112061764,0.765076576,0.287080104,0.494163866,0.350377947,0.182648073,0.508022587,0.309011516,0.372323509,0.362583316,0.825603272,0.100161664,0.432900519,0.484562411,0.987194738,0.504252566,0.779453917,0.141404965,0.947336337,0.945504565
0.976602257,0.086152876,0.36001915,0.975641929,0.772575939,0.127512721,0.64661722,0.026778833,0.589986292,0.624005084,0.250862312,0.995340879,0.857797166,0.855203964,0.929096772,0.501051662,0.75363531,0.330246683,0.339566083,0.97579047,0.149693403
0.034603917,0.576499912,0.832653141,0.301917489,0.959345043,0.069225861,0.205443272,0.312555108,0.368199695,0.134671233,0.923866412,0.063763144,0.829558643,0.46779041,0.262561088,0.178667908,0.162539279,0.375699732,0.15064096,0.39418523,0.716519623
0.624765391,0.288423798,0.612121791,0.773741797,0.101213121,0.141608271,0.740115393,0.475811831,0.610620367,0.636041115,0.841700199,0.713856317,0.677353786,0.46423813,0.64765736,0.624717682,0.886699625,0.970023746,0.36209367,0.751949397,0.162788319
0.270201997,0.651726166,0.815865332,0.47397969,0.822218492,0.455924389,0.31510386,0.097099418,0.434710344,0.301774766,0.019706761,0.822535567,0.494020428,0.970652805,0.744667793,0.545546064,0.633678204,0.787643332,0.11126574,0.796389122,0.250130197
0.776651584,0.242014749,0.97291415,0.185856324,0.277129509,0.942943446,0.47203469,0.617693052,0.108688632,0.204398328,0.490334294,0.259932102,0.316598907,0.140284496,0.637069459,0.851307603,0.173105487,0.824401498,0.246904965,0.204421163,0.656143506
0.155822259,0.25427693,0.367277679,0.178721396,0.508894746,0.145644517,0.275184326,0.346848125,0.560929396,0.636462703,0.001220074,0.048340268,0.426145334,0.186905721,0.008395156,0.047341709,0.634617482,0.35907326,0.872906559,0.929194896,0.557691536
0.395560127,0.117148392,0.17713499,0.062609865,0.880661059,0.137429669,0.771180681,0.626403744,0.563570582,0.453896451,0.927644338,0.474471028,0.572003023,0.799090905,0.021587802,0.528329546,0.117649829,0.647146071,0.639441915,0.893803286,0.141519642
0.459824508,0.064721665,0.144539542,0.671332099,0.665945346,0.156687923,0.661317111,0.396271032,0.845578281,0.45909828,0.055558102,0.486097545,0.996439016,0.639901837,0.111089209,0.849222727,0.765360092,0.078325019,0.721770075,0.710780624,0.843097424
0.835986701,0.692633489,0.122203908,0.398183946,0.417097332,0.460177027,0.729118964,0.255121226,0.742517446,0.43798562,0.628687331,0.169820831,0.703767676,0.931515334,0.00297403,0.25014053,0.724354004,0.088190104,0.161843745,0.458806195,0.479577231
0.337633986,0.220304517,0.235343579,0.596824927,0.254139412,0.792640367,0.10688069,0.004471506,0.643160936,0.30189832,0.523365225,0.638285047,0.355703508,0.380985275,0.851877028,0.527382558,0.341492755,0.099868266,0.460253196,0.184903917,0.451809673
0.912359503,0.040331599,0.742205258,0.739739642,0.507770505,0.448657745,0.060860617,0.766424958,0.930485305,0.746753553,0.147972415,0.792761789,0.426039788,0.473901471,0.396122388,0.214904954,0.233401295,0.218881565,0.663389263,0.97470962,0.963142132
0.262237425,0.03858682,0.807677087,0.762214982,0.478666228,0.313742404,0.100972659,0.062019735,0.968153202,0.775884909,0.214195727,0.186617628,0.304080681,0.526897958,0.827744994,0.175793448,0.654082884,0.416725332,0.950358598,0.687486387,0.808896207
0.606134205,0.926444696,0.937435812,0.343183929,0.869220882,0.615202193,0.127827022,0.070095034,0.213726558,0.502976656,0.585696634,0.126990445,0.139840495,0.180056829,0.489249187,0.697575695,0.230889724,0.637102507,0.148877397,0.877558223,0.365916713
0.290379016,0.734177957,0.439651451,0.470960702,0.479675158,0.146282655,0.141228115,0.607726748,0.25549002,0.934656359,0.428513945,0.137933516,0.505716884,0.763595588,0.60780137,0.413891838,0.58189817,0.42516272,0.103567712,0.144480636,0.568678679
0.793537934,0.898955607,0.198008708,0.597014271,0.978337237,0.347273115,0.476880446,0.989242473,0.408332643,0.989926716,0.034628747,0.660771281,0.437201083,0.942078289,0.720818473,0.810886998,0.56843282,0.065761145,0.887692389,0.129066592,0.206339155
0.354305574,0.488960828,0.530520516,0.182120725,0.113574344,0.332578208,0.727023883,0.818038041,0.322005612,0.318635989,0.594352666,0.999998385,0.153488516,0.246379939,0.090621618,0.080806877,0.054120238,0.408624542,0.402758822,0.146760834,0.633977299
0.885014649,0.897031933,0.892680127,0.472137159,0.860287771,0.85531528,0.616140458,0.525559563,0.235025744,0.985350614,0.56856445,0.004809252,0.763382457,0.115337782,0.392535098,0.710206278,0.819146752,0.468749156,0.288661474,0.828406309,0.576173388
0.055280577,0.983132895,0.74166855,0.66970126,0.700791399,0.202754015,0.485515821,0.951646968,0.128339755,0.405410395,0.222063392,0.28613232,0.834776179,0.702741652,0.246675713,0.938347695,0.078548493,0.092220192,0.605727792,0.9802192,0.415059896
0.580192013,0.087582522,0.988216456,0.868781033,0.894840928,0.610893425,0.191222099,0.351338963,0.415391298,0.764600647,0.601750781,0.384970075,0.48912618,0.250015426,0.710510998,0.452727199,0.022014642,0.018931591,0.610634004,0.091118878,0.795819211
0.779488636,0.79688866,0.539577637,0.593863077,0.133420453,0.90120187,0.198888077,0.779432348,0.333202742,0.701846449,0.769961691,0.72241256,0.153443752,0.809930907,0.780699464,0.776329719,0.969757701,0.173889783,0.453290955,0.988941474,0.231018224
0.110143406,0.542089661,0.849714504,0.474474803,0.685520521,0.592624327,0.854707444,0.10730567,0.126558284,0.024951579,0.87596303,0.524885952,0.462088983,0.975906593,0.841661893,0.865355813,0.049181098,0.197306763,0.00623141,0.662729508,0.407772738
0.590295645,0.611772891,0.981637944,0.971793517,0.248363914,0.321057948,0.979781652,0.503140042,0.970516777,0.476609095,0.661817383,0.750262711,0.560659435,0.276679265,0.629272095,0.916245684,0.798979193,0.505993569,0.326149785,0.690574246,0.5110953
0.227918994,0.908394293,0.404367637,0.399304098,0.379671195,0.192561312,0.94646778,0.497348821,0.603646482,0.431689898,0.986841936,0.225877915,0.71909395,0.363656575,0.901794624,0.079413351,0.00326039,0.764580286,0.954410316,0.900919216,0.583368406
0.328844631,0.404494575,0.935958241,0.1762143,0.901630309,0.752795548,0.734410959,0.959987354,0.274111319,0.647705298,0.107758245,0.317792231,0.058858987,0.589133086,0.391201735,0.763587496,0.096440406,0.745879727,0.263273925,0.453068534,0.068195645
0.779068732,0.551374833,0.201518871,0.59695056,0.22409722,0.022654398,0.824882979,0.931302752,0.364901979,0.714434786,0.078112332,0.293475317,0.843349815,0.91588362,0.493051171,0.134322532,0.128989187,0.587789974,0.127879348,0.123682148,0.417800531
0.230606604,0.155520346,0.395207195,0.398816041,0.672168098,0.08403437,0.777188358,0.563660904,0.770553954,0.311639925,0.523934628,0.448027198,0.030906657,0.163383817,0.237153963,0.883625321,0.128951546,0.135652094,0.618052146,0.766641123,0.305917916
0.247598911,0.290469438,0.017319217,0.460028927,0.292430305,0.987691905,0.711200743,0.766229666,0.31144355,0.428986721,0.084634297,0.132212689,0.451660465,0.9801862,0.52740062,0.671944283,0.128465444,0.988973014,0.54112741,0.151033102,0.346573219
0.877541184,0.650700416,0.768799046,0.43998579,0.861617081,0.308111576,0.588968586,0.481983676,0.770350313,0.87364129,0.026359022,0.274613913,0.380391962,0.876367782,0.145236238,0.988549356,0.391673536,0.908946606,0.974230733,0.294817893,0.307887487
0.879395671,0.955296879,0.913273994,0.753484909,0.736968032,0.960737489,0.630310299,0.095480853,0.613785475,0.830319377,0.848095509,0.966800335,0.163477535,0.755039205,0.735039472,0.065487477,0.441288798,0.531967035,0.739147583,0.453208546,0.014190092
0.69899076,0.119991959,0.00727133,0.773131327,0.909480146,0.362707163,0.043014122,0.575551998,0.461281299,0.11226107,0.882027525,0.756360409,0.556560401,0.979824348,0.441110127,0.98807392,0.194665268,0.018011951,0.017072392,0.667271174,0.171553583
0.14119482,0.765033487,0.119379607,0.890354601,0.369331327,0.540198626,0.461153901,0.277534355,0.916919241,0.835031186,0.199318437,0.099347743,0.540185424,0.222581135,0.831399912,0.595939538,0.446599066,0.324584613,0.996181064,0.275966842,0.19581705
0.637886183,0.014060867,0.240703691,0.82764695,0.951721084,0.937159176,0.700369351,0.330085811,0.985211684,0.395994517,0.293945672,0.450694214,0.592731379,0.194776154,0.663669995,0.819818568,0.422730847,0.369721668,0.518051928,0.758480843,0.324507087
0.670723483,0.340271713,0.637352462,0.350392985,0.661367196,0.65475794,0.947052586,0.573388154,0.79782461,0.739506484,0.229819868,0.592592064,0.128018176,0.405447296,0.756709622,0.362967218,0.502920186,0.442572494,0.192663482,0.267301003,0.595138569
0.3682463,0.788381298,0.015814643,0.054005406,0.275286534,0.275772565,0.64037079,0.863110791,0.94978577,0.583323744,0.509037134,0.396787303,0.20731541,0.291482158,0.489536681,0.186269546,0.932191058,0.093756405,0.433758618,0.744055223,0.483125764
0.285060824,0.699865182,0.305548861,0.718885021,0.081622849,0.372384517,0.522965348,0.557879457,0.08494771,0.373039442,0.749348118,0.896699669,0.95643116,0.954759613,0.537518084,0.893552549,0.165036086,0.513041578,0.026042794,0.385572489,0.170501131
0.150582613,0.819493329,0.328579978,0.897300331,0.834827698,0.725260395,0.491092114,0.127099916,0.30449664,0.471015464,0.610296266,0.941315779,0.91609614,0.521707112,0.574305649,0.62170169,0.105211975,0.605875429,0.702295905,0.978899174,0.952640981
0.453282476,0.28298019,0.680182664,0.69707736,0.375879582,0.482167777,0.536351862,0.471681704,0.576445044,0.741368527,0.707685457,0.33077684,0.572013164,0.688688245,0.839215936,0.008354687,0.372231655,0.723244099,0.836940942,0.555495848,0.163886374
0.63850483,0.365711956,0.15842836,0.156948877,0.918700779,0.38445028,0.062673539,0.522382594,0.485623629,0.708858449,0.682892007,0.667588547,0.428387387,0.745615502,0.429862884,0.251293508,0.640686926,0.208554657,0.211569345,0.537660694,0.363631453
0.955656511,0.452198331,0.611643103,0.003175271,0.119311701,0.656146148,0.085645384,0.700593298,0.072309762,0.523769431,0.331966216,0.881559055,0.916793579,0.292473218,0.984665922,0.978274368,0.94643038,0.805242994,0.361467219,0.009739137,0.515811915
0.631539268,0.39613395,0.317922766,0.447995293,0.262298949,0.089602362,0.664846438,0.771449294,0.488713643,0.852542618,0.013856616,0.625704414,0.331916573,0.230074425,0.188005153,0.888271533,0.819503549,0.432078246,0.154320232,0.874408147,0.035003839
0.380773209,0.641831706,0.305100943,0.468432194,0.473230454,0.504568605,0.122339765,0.196950839,0.271170132,0.864016321,0.522654348,0.401893393,0.169665759,0.849754094,0.607082765,0.360713364,0.516295596,0.441481497,0.145477119,0.661209978,0.798266416
0.023867633,0.164857691,0.61278446,0.780985379,0.851291803,0.639275174,0.486835369,0.563686406,0.849449628,0.373971652,0.091474616,0.853762798,0.817256599,0.82071801,0.274610418,0.743649977,0.667328932,0.169105784,0.712862424,0.936047659,0.574741165
0.109236591,0.438718235,0.76206769,0.001126003,0.384579296,0.1848129,0.537375446,0.731377686,0.302662703,0.857163942,0.315015431,0.367711872,0.353532647,0.922739147,0.743509742,0.778816768,0.698284066,0.934361435,0.407290546,0.664571597,0.827972551
0.846116652,0.84559182,0.621836352,0.467300477,0.476671844,0.831587557,0.910481017,0.823424065,0.716543504,0.763207258,0.700788524,0.489941853,0.994295835,0.772470038,0.770160328,0.791370718,0.839047807,0.855125023,0.345588681,0.65683994,0.026774983
0.840519512,0.99562143,0.056677323,0.209185131,0.660402839,0.297812232,0.280919562,0.659487374,0.801636946,0.534857981,0.17971117,0.091286209,0.446564965,0.435376811,0.968924822,0.46380267,0.085826217,0.543373073,0.314299767,0.249250195,0.721325853
0.116482016,0.678217535,0.688628747,0.688992843,0.380757093,0.498973151,0.502294651,0.262377268,0.225378064,0.005385824,0.543673264,0.436465379,0.548423836,0.813929437,0.760677636,0.45517735,0.542089723,0.222429709,0.335104716,0.462366765,0.676870617
0.232202721,0.009349472,0.209071604,0.203841902,0.646857281,0.999897168,0.616289796,0.351595899,0.902948389,0.173349197,0.153370641,0.750122136,0.892322661,0.372910773,0.125413071,0.933473979,0.86378479,0.868539149,0.609062539,0.403067897,0.535415396
0.030401926,0.628654064,0.802062807,0.553923729,0.064147399,0.882553658,0.373671922,0.340175277,0.420826691,0.212275964,0.355596692,0.954405767,0.539834711,0.844861163,0.811152982,0.656668908,0.153059035,0.57704683,0.405908865,0.779342661,0.54759345
0.891725113,0.369279321,0.395275819,0.354037701,0.688536944,0.618306101,0.725914106,0.827178483,0.206130717,0.701920206,0.743578197,0.127313738,0.819763264,0.322638828,0.213830149,0.910942671,0.049403424,0.123752449,0.641897911,0.687751824,0.355973367
0.371551465,0.203901307,0.306364452,0.144884817,0.494624035,0.116860056,0.100160273,0.7621388,0.576113884,0.682137668,0.320116014,0.331190284,0.61200117,0.285791141,0.387562882,0.498487908,0.760399915,0.58836093,0.723378176,0.602528775,0.632880813
0.85027193,0.260367987,0.361149779,0.752227455,0.898957308,0.392394496,0.884265139,0.316812449,0.342097603,0.569139788,0.980456362,0.175463245,0.557394131,0.812327728,0.110043625,0.16137969,0.929409953,0.785439329,0.234999544,0.193418643,0.613401397
0.719918141,0.352282987,0.160590089,0.023077474,0.641943513,0.849324885,0.639042351,0.764541371,0.987974864,0.180256701,0.08680921,0.304267195,0.135904794,0.392173918,0.606908843,0.619317286,0.076847769,0.097209714,0.311700148,0.02710142,0.765684266
0.632441579,0.869182602,0.237799908,0.49119586,0.641403076,0.087108187,0.12593286,0.053252246,0.179238183,0.51739832,0.415699462,0.636406551,0.125750213,0.764105289,0.50121801,0.518881448,0.124753065,0.646059702,0.057771454,0.544632177,0.900236514
0.848350384,0.94393165,0.432380973,0.583065128,0.817133857,0.818663538,0.541031893,0.770508867,0.249524421,0.507949244,0.476208462,0.377734236,0.633093887,0.812819347,0.916113472,0.775101673,0.26061908,0.398172879,0.253904691,0.731482987,0.826319993
0.961566314,0.095170362,0.589176956,0.124136483,0.018533274,0.184499034,0.893372905,0.132023915,0.307337596,0.197615751,0.701677901,0.700977847,0.685557911,0.801129597,0.117281958,0.713141906,0.954038743,0.649740587,0.625123928,0.428358938,0.427795352
0.545284194,0.056060959,0.569974653,0.543575675,0.723594376,0.335716933,0.287825025,0.085283761,0.514394645,0.69927461,0.794951285,0.582630207,0.073743414,0.334489522,0.172864363,0.567102379,0.206230186,0.072966409,0.439061175,0.147068152,0.381059641
0.183314489,0.597193867,0.975363927,0.58311053,0.216407513,0.678088836,0.028441251,0.823458021,0.429269455,0.074015256,0.944870198,0.575000652,0.469402553,0.016036606,0.870761539,0.968615162,0.897823714,0.463135689,0.154631203,0.982509119,0.416393751
0.764512655,0.807632326,0.066966052,0.855838502,0.314492021,0.989671046,0.710223197,0.00535158,0.951262426,0.449340075,0.087430498,0.753287141,0.338948901,0.363107265,0.755612677,0.431511894,0.109834069,0.210179634,0.891869496,0.187695326,0.769482133
0.077454095,0.99531647,0.401733818,0.018283403,0.552432088,0.105877586,0.736586766,0.50927332,0.785441843,0.178057889,0.656175281,0.518861239,0.083494988,0.541602895,0.429586995,0.764791097,0.050593612,0.855979261,0.081355745,0.990989266,0.481069301
0.263833103,0.815844141,0.911553059,0.300143489,0.612209412,0.561311692,0.75923049,0.879391144,0.934904447,0.051882104,0.244893773,0.730724871,0.954141077,0.547149925,0.220458101,0.544886903,0.068082598,0.263645586,0.417741645,0.733660366,0.037633707
0.910329547,0.411931647,0.458189543,0.869893771,0.428324097,0.257456387,0.275575475,0.322287603,0.365218242,0.784022879,0.952962221,0.805177552,0.427725084,0.330224738,0.963791904,0.204757928,0.525137231,0.869933844,0.291713731,0.483666598,0.914743261
0.804723076,0.341582476,0.639315273,0.582109068,0.476316821,0.593452919,0.492185805,0.537746945,0.23277888,0.592966779,0.28342454,0.676375317,0.117753817,0.940343014,0.171557476,0.974294625,0.603544574,0.333295381,0.081782583,0.215191511,0.099252453
0.426002596,0.138547828,0.191608593,0.009252356,0.400574205,0.8017521,0.801307897,0.969786843,0.695722542,0.157491235,0.073074061,0.950204031,0.113969301,0.501298401,0.03466115,0.401830832,0.693087417,0.507352596,0.334735707,0.524051131,0.274395365
0.240657408,0.123079947,0.276378973,0.27978928,0.342969151,0.210881808,0.373175883,0.213339524,0.968678542,0.414964484,0.994594162,0.891775481,0.387846676,0.03803864,0.336252925,0.614591489,0.380907662,0.827575459,0.34187467,0.956197846,0.457205603
0.79588668,0.410547669,0.123679651,0.767782864,0.440040125,0.960968761,0.542085079,0.180740593,0.147123841,0.205028712,0.966025317,0.014550266,0.729330627,0.64175305,0.806918214,0.966333607,0.828823835,0.120225201,0.777209382,0.949397205,0.620466057
0.384071386,0.539506357,0.417197679,0.436042803,0.394837672,0.171962609,0.16954291,0.372330316,0.496482914,0.536051304,0.893506848,0.963564166,0.921840049,0.4715138,0.934401613,0.896583188,0.542729266,0.738931519,0.116773154,0.090614947,0.395801214
0.447452146,0.1023871,0.085511909,0.493562488,0.055043612,0.719803648,0.380885535,0.940549161,0.188352443,0.836195907,0.179369078,0.730686162,0.998407992,0.047884297,0.280892096,0.280097758,0.367202327,0.390106514,0.145596889,0.472894419,0.041838166
0.064984808,0.70540739,0.97164451,0.7807128,0.249856996,0.526095855,0.310774532,0.089412809,0.263383133,0.059947693,0.035350655,0.048735807,0.880238204,0.779122033,0.334861086,0.692246237,0.961172332,0.320530838,0.116794348,0.410642959,0.524970863
0.311580194,0.758654978,0.249924948,0.813213595,0.16206184,0.57405628,0.026575034,0.562559152,0.043768054,0.058319214,0.466279447,0.271489802,0.152095437,0.020584179,0.704310397,0.040263905,0.789935226,0.165427057,0.308440703,0.055996816,0.995468952
0.601705809,0.588233423,0.286273894,0.002305365,0.221869536,0.432405281,0.815472533,0.236976347,0.720442099,0.308015843,0.039074771,0.147498821,0.204431711,0.738120243,0.924549265,0.19534737,0.844844825,0.711965658,0.027375627,0.773344556,0.159811355
0.883522261,0.324738922,0.734799076,0.529478158,0.000381359,0.814454082,0.906983595,0.059270028,0.030392775,0.80839967,0.823378934,0.149006505,0.57324947,0.729232,0.591144821,0.290313089,0.65534291,0.556849356,0.691422142,0.483767998,0.855094608
0.270171283,0.353100979,0.281019863,0.911315021,0.395929146,0.649539414,0.318099461,0.954410759,0.872284222,0.693087955,0.514557799,0.035681715,0.821868893,0.807508964,0.123072391,0.218262864,0.03413496,0.330819017,0.624332066,0.136548903,0.111692709
0.438411637,0.376529055,0.155595261,0.740625349,0.267311486,0.362462809,0.083373728,0.822717235,0.754227494,0.31400701,0.200181344,0.158544764,0.92369503,0.16725278,0.481612094,0.20804234,0.687544418,0.001425856,0.911574068,0.118353666,0.668001855
0.050837218,0.720304333,0.686680205,0.469766277,0.014528219,0.587059853,0.152862495,0.171026888,0.251290824,0.841575474,0.31371349,0.252921356,0.816351949,0.394126148,0.254852347,0.098226751,0.890901627,0.337258578,0.284612585,0.920492292,0.385479858
0.051539526,0.421739418,0.127925841,0.362018588,0.882541355,0.587272424,0.333765967,0.882574765,0.656377511,0.499687007,0.928611669,0.840009264,0.877285696,0.206516621,0.838078839,0.005380259,0.440875985,0.15376892,0.20899749,0.803378734,0.192083955
0.931835591,0.65911725,0.491008911,0.780401607,0.698758179,0.975031439,0.002201541,0.252568969,0.584554975,0.171199989,0.095126311,0.195284321,0.762147875,0.133127387,0.572247571,0.291867196,0.644182027,0.918385854,0.781112033,0.373632723,0.65767652
0.161969398,0.198111304,0.800982894,0.934037468,0.234089747,0.202769426,0.850930519,0.73458206,0.193828369,0.520465523,0.459993419,0.103159363,0.462768504,0.272376008,0.333689141,0.092368699,0.221753754,0.481481476,0.180971352,0.768910149,0.966378317
0.143705132,0.646977276,0.860553597,0.110838374,0.224113186,0.865517635,0.961268104,0.075864142,0.358272286,0.977858428,0.200491127,0.725758445,0.381193416,0.497875637,0.012804041,0.184535467,0.903035388,0.209451911,0.063517605,0.798648095,0.698853024
0.776486677,0.221616463,0.617613973,0.902123411,0.645436391,0.405561106,0.906821596,0.338072296,0.947833709,0.994661367,0.718120188,0.498825126,0.544632998,0.611336468,0.362821303,0.952507266,0.670558906,0.857827862,0.710697914,0.127521471,0.982132804
0.708545121,0.268111156,0.731887732,0.213155959,0.030318384,0.352573086,0.556343855,0.627645579,0.541127881,0.915247424,0.134501088,0.289727609,0.69031985,0.23790834,0.835289053,0.368621969,0.328025108,0.778297711,0.644301865,0.868771027,0.48354508
0.302836787,0.532858992,0.908269702,0.661545481,0.623621667,0.579295082,0.570132541,0.936513105,0.088877923,0.234893971,0.701136255,0.402564272,0.704638899,0.978346448,0.271406049,0.749026265,0.414424183,0.689708,0.718981973,0.410503411,0.024325568
0.887472567,0.727959202,0.5372376,0.945432381,0.707445242,0.466005127,0.734436403,0.731021276,0.440199952,0.41973638,0.548838331,0.259141891,0.44753618,0.8076664,0.361965678,0.728823838,0.399464522,0.775169721,0.125383288,0.000510488,0.265417097
0.216511209,0.592336724,0.012448915,0.974794745,0.390151897,0.445975262,0.1533048,0.865981314,0.929576466,0.888802274,0.036975695,0.514730829,0.927310427,0.103240427,0.518740051,0.200545862,0.678233087,0.573575501,0.125772788,0.769764957,0.047762771
0.230690931,0.997241423,0.316255788,0.166350205,0.164252465,0.59577875,0.830216968,0.545491417,0.473219505,0.62014206,0.276580694,0.50639686,0.113904647,0.888416744,0.202984652,0.755891757,0.966974098,0.650521532,0.731645883,0.00762614,0.850204708
0.786335738,0.679153098,0.413979673,0.200730447,0.216376933,0.196834631,0.893477826,0.752464089,0.673957993,0.338294192,0.66256354,0.625385482,0.367896823,0.174138996,0.674681876,0.722490235,0.81730586,0.201971703,0.13722688,0.444584353,0.695170525
0.193097177,0.826239007,0.112423095,0.020619109,0.574358303,0.709361481,0.53186611,0.341154159,0.001674144,0.044544812,0.258189442,0.499244676,0.196839748,0.927431379,0.644275149,0.137135001,0.805986194,0.90426894,0.166576329,0.719496764,0.99777276
0.655091794,0.319417835,0.388360836,0.826198603,0.154212141,0.812507598,0.823001147,0.336430235,0.674816912,0.266820341,0.766352003,0.364219042,0.99296359,0.198873466,0.698106877,0.578623228,0.220991533,0.37898964,0.77756594,0.507552781,0.082310055
0.334391695,0.452710891,0.770337107,0.119275891,0.824610063,0.406043513,0.746897298,0.811910577,0.019496459,0.804983724,0.60158239,0.819357009,0.029589186,0.415708585,0.463239501,0.390900809,0.940717061,0.177927739,0.142947521,0.411647908,0.754365544
0.389665676,0.578515138,0.90880403,0.289959903,0.092788971,0.038675188,0.698257033,0.401402492,0.626593076,0.947600074,0.817775723,0.125886575,0.59196448,0.311961111,0.241668512,0.935422262,0.622212448,0.808351453,0.397130242,0.604867067,0.108661164
0.485075029,0.676851424,0.803809668,0.81700435,0.846369271,0.417778782,0.279386604,0.550714523,0.945023698,0.508308429,0.743507505,0.161473836,0.807047095,0.706327408,0.139741293,0.529590713,0.426761038,0.515910152,0.500227235,0.127310329,0.422857519
0.878236089,0.136730698,0.934121895,0.423143685,0.405087456,0.445052514,0.733496719,0.477626116,0.072611714,0.601235955,0.17811131,0.071613265,0.426265758,0.686062472,0.282836198,0.417640046,0.449019851,0.639001887,0.666894632,0.155638402,0.586851192
0.333257469,0.879874934,0.794871866,0.236897635,0.550222595,0.719810285,0.466281744,0.789034614,0.515575007,0.260953244,0.123190423,0.256640284,0.192921737,0.120199316,0.072058153,0.921905211,0.684555476,0.891255145,0.727734402,0.221096958,0.831148045
0.606948773,0.014509175,0.836361299,0.50933047,0.931715812,0.912418396,0.332542491,0.462914481,0.828007052,0.625664834,0.953881976,0.938386984,0.359523053,0.385912816,0.84498678,0.677231633,0.644066448,0.208447427,0.211297906,0.133644439,0.389744678
0.6447622,0.244200267,0.766189655,0.220584249,0.754570528,0.385528797,0.208759669,0.445109028,0.574847721,0.774038388,0.819076629,0.68825968,0.30591903,0.004123803,0.031318538,0.724464597,0.575338858,0.513356187,0.060958187,0.331295704,0.470881125
0.512272421,0.846275842,0.263685353,0.58595311,0.318162025,0.834415199,0.083390946,0.491373203,0.723142878,0.349679188,0.276798174,0.393327992,0.565995686,0.62166195,0.57848128,0.963511807,0.660722234,0.869784522,0.886954158,0.271824955,0.775252878
0.001324505,0.688846018,0.768689297,0.823798512,0.724003238,0.204067691,0.517457088,0.217426757,0.522981457,0.599458046,0.964394493,0.178346901,0.807134717,0.600551199,0.458441563,0.612803616,0.607872554,0.375309702,0.488714347,0.337341638,0.311510594
0.243282571,0.108589274,0.7685513,0.026457056,0.7148997,0.824286471,0.854931942,0.135462404,0.077485707,0.323304788,0.300711668,0.016438774,0.194388552,0.345435876,0.255262034,0.849247768,0.574396821,0.956989458,0.078350506,0.980157682,0.028104844
0.786919154,0.405275368,0.009573763,0.666162083,0.639934546,0.336705925,0.850323012,0.95880517,0.926876243,0.029043675,0.156027484,0.051977197,0.16668344,0.678660754,0.937886086,0.156722768,0.308252625,0.917622146,0.743595132,0.282771229,0.304832476
0.390224526,0.06832643,0.601127119,0.426899722,0.585545239,0.99960157,0.800386344,0.888118125,0.753541927,0.939586834,0.705929891,0.4064204,0.156257079,0.954582864,0.908356493,0.110961456,0.789780342,0.492269456,0.963664196,0.436065089,0.465408408
0.168914682,0.921134303,0.552979541,0.841346804,0.03538667,0.80472271,0.9632368,0.53188458,0.352536441,0.677934712,0.61624362,0.619039786,0.794944325,0.780921167,0.903419803,0.233772012,0.867925167,0.823481132,0.644178433,0.941742993,0.760273517
0.307766417,0.131551217,0.338820434,0.286499243,0.431198714,0.770291564,0.57465559,0.065118633,0.115372468,0.161192821,0.49270878,0.429062488,0.541265351,0.861927188,0.076763905,0.621403479,0.803996534,0.135989228,0.141905446,0.754288804,0.326853732
0.640512947,0.025854905,0.832753938,0.409412169,0.753114075,0.255737601,0.288611421,0.678229875,0.078261383,0.207694309,0.018322894,0.250518293,0.736264397,0.009928313,0.177008718,0.178814545,0.02954502,0.056709335,0.319647574,0.309916906,0.007418735
0.383869876,0.049713856,0.629747792,0.595468482,0.7578319,0.130860255,0.15478641,0.001441238,0.39005109,0.743350251,0.817825992,0.501688105,0.303903605,0.695932565,0.057858166,0.872482924,0.243743917,0.955924157,0.399232588,0.027201518,0.35235762
0.777021261,0.694292877,0.898929458,0.102871432,0.968616274,0.107383326,0.974806099,0.898238186,0.440202506,0.979005541,0.389180398,0.310045663,0.170967729,0.566723771,0.557703888,0.491703216,0.665004414,0.965461836,0.030146323,0.70820328,0.153132735
0.605096388,0.98897696,0.314854862,0.485719448,0.087880908,0.993951569,0.175465994,0.201132352,0.461081025,0.491021471,0.252594057,0.042072147,0.552408559,0.048067096,0.891670269,0.949756235,0.473646626,0.999673696,0.218814339,0.44625385,0.434678579
0.635722567,0.65661984,0.126386473,0.04592528,0.816946166,0.854812255,0.683856177,0.208357001,0.08401221,0.219059416,0.662717114,0.97921136,0.420824538,0.591659618,0.954287189,0.49180494,0.823913867,0.093104347,0.963690445,0.883328844,0.36173614
0.768902497,0.520541715,0.203094379,0.858718602,0.633097787,0.979079035,0.273982743,0.633043986,0.060154974,0.138925218,0.093920857,0.190542086,0.127066784,0.515794128,0.78247504,0.474132692,0.019365302,0.24003572,0.849170594,0.798445316,0.636020991
0.829227964,0.235988343,0.228470326,0.123052477,0.23562281,0.739559036,0.240136942,0.423640582,0.186521364,0.233441427,0.315416964,0.079117346,0.351186314,0.757118238,0.995574283,0.00497548,0.685670424,0.234138567,0.824214377,0.280049366,0.374885611
0.004752185,0.298039418,0.043803086,0.370767937,0.076462764,0.277172672,0.418115825,0.360550402,0.787763968,0.910988972,0.059700359,0.858346554,0.101752414,0.557233071,0.165927879,0.299220653,0.226080742,0.383057699,0.19543267,0.818466396,0.432243507
0.234784274,0.404278318,0.20015851,0.118247845,0.288838204,0.445710293,0.325751737,0.44852879,0.493524626,0.281404372,0.531243947,0.322622778,0.27479444,0.342137766,0.073710915,0.526373537,0.014057577,0.162799076,0.943515838,0.569155029,0.019375604
0.794387882,0.852114739,0.000463416,0.552218838,0.391789619,0.673000884,0.370177145,0.442730804,0.11675385,0.507162592,0.851097366,0.527193623,0.745405591,0.752624194,0.422252167,0.254280948,0.095781543,0.052773835,0.903738004,0.503926512,0.398886622
0.293022131,0.649585143,0.236897035,0.762104918,0.243671022,0.517020153,0.759512692,0.494180888,0.496098084,0.780155471,0.716367146,0.566938991,0.301944167,0.485620039,0.067611403,0.090258456,0.634952931,0.436261087,0.525048335,0.094483297,0.042848051
0.070790833,0.161237227,0.860712121,0.098342959,0.82831927,0.587940516,0.56752863,0.755956247,0.542404297,0.505593383,0.776833253,0.413058997,0.783641577,0.561762381,0.037335806,0.642351739,0.522772707,0.345406435,0.221610062,0.40696027,0.107405889
0.109780835,0.053820413,0.257648385,0.217811256,0.351943146,0.841009555,0.328663078,0.331013441,0.337125249,0.567405039,0.169578228,0.431728471,0.881210099,0.235608624,0.595028758,0.152435783,0.277506134,0.243283641,0.922807303,0.920590838,0.676525865
0.638902563,0.046645187,0.593976483,0.572509564,0.959856232,0.91070962,0.45779305,0.343069957,0.928288948,0.702457733,0.235105953,0.293478277,0.282270945,0.530944511,0.184712263,0.134606801,0.477042366,0.015496402,0.282483203,0.76012082,0.051026431
0.512608852,0.097670366,0.677386441,0.2465828,0.343332511,0.648734814,0.931412636,0.621110531,0.2433572,0.565404128,0.504699544,0.757067557,0.455010736,0.648688674,0.509533995,0.911660122,0.202887353,0.225278514,0.114288792,0.093699459,0.789299046
0.236607355,0.445675531,0.639818453,0.77721799,0.518178616,0.582371034,0.429854271,0.007398176,0.873093245,0.734471856,0.848194519,0.572967453,0.617180134,0.266939139,0.551459993,0.455929728,0.556862777,0.316779818,0.776827059,0.869334948,0.356112892
0.351272318,0.405552865,0.701119767,0.068600965,0.621608984,0.589333852,0.363418917,0.685513598,0.250226227,0.749976232,0.45329924,0.956400575,0.113068808,0.271704165,0.571609741,0.282313326,0.878459138,0.693656077,0.40022643,0.209919867,0.390734102
0.164618972,0.061373909,0.298555266,0.669566202,0.608135766,0.618697292,0.73824845,0.798462427,0.195330956,0.578870763,0.65411955,0.40930829,0.099767851,0.734869356,0.644490714,0.153217827,0.693841635,0.349979432,0.009342577,0.56561127,0.047979185
0.930043044,0.052123647,0.317879687,0.243039875,0.000157177,0.796115187,0.929574597,0.684856161,0.974902493,0.662352738,0.125622109,0.881098313,0.103010846,0.02223612,0.693228842,0.888004413,0.050767805,0.044848652,0.270013058,0.419144763,0.966713386
0.039237151,0.346558703,0.699877051,0.249367357,0.984651061,0.787677868,0.529687471,0.002321115,0.329274479,0.427495194,0.667916266,0.461984121,0.38757859,0.540309633,0.197470808,0.631806328,0.829791139,0.619920713,0.178825118,0.175185207,0.464834297
0.323151052,0.06123848,0.830619186,0.806334769,0.772116093,0.325585539,0.8169122,0.176298001,0.257471399,0.175287669,0.578082636,0.932605412,0.086593196,0.1977006,0.478621189,0.026548072,0.65558566,0.722374222,0.486071669,0.154523973,0.988028144
0.856205165,0.704875701,0.787042265,0.238275973,0.505884716,0.850994511,0.667032649,0.619722647,0.549737183,0.008445123,0.489051837,0.736314233,0.737741011,0.135965902,0.960548557,0.085466552,0.623287875,0.108779497,0.455336938,0.632884678,0.142367155
0.41691655,0.923232429,0.613771001,0.835214682,0.078639247,0.435598188,0.155822905,0.509481339,0.691747025,0.154009183,0.789608278,0.906320036,0.879678379,0.109672018,0.344381154,0.012579999,0.788140059,0.413919139,0.084066545,0.35847218,0.93014446
0.620880011,0.001495255,0.859305394,0.309213782,0.867634414,0.20179818,0.945899109,0.856361192,0.351318964,0.706558527,0.760240444,0.942986246,0.204717772,0.690273499,0.771783521,0.946473167,0.743404809,0.357905802,0.696329015,0.937820316,0.967372971
0.209588911,0.920770798,0.602858479,0.07112426,0.28951087,0.025433839,0.595882706,0.71612087,0.105185939,0.004037318,0.890996044,0.100287774,0.998288258,0.587031982,0.935211547,0.815020523,0.827013399,0.443882797,0.194848487,0.93575648,0.999889527
0.322788383,0.171359601,0.489255275,0.873479218,0.405049643,0.207403667,0.022906788,0.974998559,0.005424828,0.36576156,0.922671785,0.894943641,0.178794622,0.321385979,0.750803228,0.299520123,0.700383821,0.015148642,0.216096384,0.925598127,0.586591505
0.515895345,0.70405474,0.078103199,0.937994059,0.092461523,0.910523498,0.174913745,0.234179744,0.25782988,0.924320442,0.835251068,0.95689297,0.474932173,0.069755579,0.560397278,0.865537329,0.178792294,0.484721713,0.662110459,0.916089868,0.250868231
0.772481353,0.939372471,0.210774298,0.264803434,0.896887162,0.4400801,0.608515554,0.824039631,0.583853677,0.578648817,0.414180971,0.032218152,0.687404088,0.140897791,0.892979598,0.494893775,0.107214288,0.556086256,0.448650186,0.429398589,0.546180751
0.177198083,0.071850835,0.922001089,0.395661236,0.900604367,0.133748021,0.512188786,0.850400099,0.46422387,0.34073099,0.812138578,0.084662144,0.611681114,0.5114345,0.667533301,0.756397553,0.309474099,0.562364887,0.560563897,0.708266981,0.65868288
0.395759151,0.025259714,0.237341336,0.987791402,0.563760039,0.186646337,0.661488315,0.004750406,0.96388732,0.22061452,0.61219012,0.931426001,0.187850691,0.11401155,0.527654917,0.051370642,0.174973713,0.566736124,0.442644552,0.772806246,0.513407765
0.485011875,0.505744713,0.860942697,0.413887585,0.313407449,0.76497983,0.52018584,0.187310171,0.600901273,0.875827065,0.877342814,0.306582352,0.142623555,0.485130493,0.792610154,0.641906183,0.352666351,0.775591209,0.114485154,0.164739524,0.839337581
0.645869463,0.302756331,0.942804881,0.934665832,0.927179019,0.030021793,0.978950325,0.79975391,0.163205781,0.194755043,0.129144974,0.768669099,0.447947912,0.188391865,0.924154882,0.36175489,0.846646095,0.862414273,0.029667732,0.279931479,0.367520891
0.196186143,0.136564673,0.619417592,0.23502944,0.222932938,0.233737809,0.367153833,0.538594985,0.788807153,0.706875143,0.160956013,0.73753216,0.968147651,0.09057642,0.090686147,0.134490461,0.015282149,0.267473781,0.244286457,0.430772511,0.604157934
0.278616497,0.040448983,0.190610314,0.404334233,0.616964129,0.724360344,0.516644445,0.26280534,0.467678846,0.014065551,0.664120669,0.198167022,0.163101593,0.147536069,0.768169206,0.641804263,0.232527331,0.247171516,0.752026098,0.424705654,0.248468313
0.776613582,0.329016246,0.982373042,0.625898279,0.478658785,0.091327212,0.307610513,0.687971681,0.527424075,0.229467766,0.731581205,0.362003279,0.735386166,0.291602564,0.626511881,0.693778203,0.626704636,0.116049542,0.31145446,0.816780907,0.955023727
0.290144823,0.967126256,0.700136435,0.417273021,0.588875213,0.069049136,0.88055269,0.31302759,0.819312886,0.671243355,0.81447978,0.48928053,0.303436001,0.180796189,0.374206064,0.569811999,0.302020484,0.22479637,0.344225747,0.095007609,0.469579721
0.839676955,0.781373699,0.584888804,0.154757205,0.02454746,0.066504961,0.268722014,0.450688222,0.522087756,0.216624752,0.47156425,0.211260613,0.909314211,0.796537304,0.623563374,0.183473464,0.072086435,0.082506038,0.161600337,0.054195007,0.315210415
0.075142082,0.986821415,0.110137092,0.309805606,0.886027665,0.492236796,0.224169216,0.644832041,0.279760408,0.145172848,0.880476482,0.809312601,0.703972572,0.310192796,0.948765683,0.351170081,0.59713945,0.104560205,0.887208714,0.677510448,0.921321293
0.734650544,0.350164097,0.712658457,0.881766469,0.915218974,0.357328699,0.663787011,0.178117767,0.875478372,0.088637315,0.208102868,0.665377718,0.861220393,0.416704945,0.782830139,0.587681825,0.558493612,0.881042683,0.809253134,0.895820094,0.163983894
0.257426938,0.45718402,0.419317959,0.845998249,0.368957525,0.774529833,0.169384425,0.943930599,0.326437379,0.975785117,0.560779153,0.346032847,0.480377391,0.426885807,0.995673409,0.773960384,0.870878016,0.647993211,0.604232826,0.86747762,0.269023741
0.952786145,0.003042069,0.075071819,0.76474425,0.821774062,0.838537285,0.540268783,0.327301755,0.354094397,0.40584737,0.151040348,0.910070783,0.428148728,0.323178044,0.830791964,0.45778792,0.067021755,0.52804238,0.964674848,0.122487623,0.398822948
0.716353112,0.376061475,0.197801875,0.818232477,0.080379567,0.662737917,0.706420153,0.157233204,0.896520787,0.081730286,0.242716003,0.490007144,0.300352106,0.441051909,0.644150362,0.074721765,0.147962484,0.98627999,0.127913691,0.765658855,0.291715765
0.629059204,0.281104274,0.423214707,0.054490983,0.302424163,0.932888382,0.611118264,0.153827808,0.696348151,0.773622264,0.110092557,0.365763407,0.446128551,0.700754802,0.101243236,0.472006299,0.223221097,0.008998301,0.41690298,0.349129838,0.323108128
0.949479937,0.72337007,0.265053058,0.043199077,0.558922059,0.548534268,0.405466936,0.902167489,0.382798074,0.048848709,0.678323803,0.129505436,0.029966006,0.419465488,0.518060264,0.678043926,0.2507534,0.242642994,0.590439469,0.35319305,0.027782989
0.997449546,0.687651861,0.517477331,0.118964882,0.524172956,0.324060858,0.167251362,0.48617509,0.038064857,0.621824924,0.420921394,0.18569883,0.754619939,0.825569221,0.192595263,0.677761682,0.567037405,0.026258811,0.152879117,0.661317132,0.546617718
0.667389317,0.521642879,0.274904809,0.524597211,0.024330223,0.706413472,0.38991534,0.502218281,0.843075087,0.096994199,0.145640873,0.563331763,0.911449497,0.33380673,0.803921951,0.528234195,0.012847075,0.873276258,0.43042469,0.072948436,0.046060715
0.666781839,0.64545476,0.879922105,0.1138143,0.07979273,0.419645085,0.032476836,0.368496895,0.568684814,0.244024165,0.550849239,0.551438525,0.098873659,0.816350517,0.721862983,0.270134019,0.211160779,0.080496964,0.472097595,0.841591279,0.23547657
0.496233878,0.75412268,0.550094212,0.982337682,0.902815707,0.32490017,0.061859901,0.223951474,0.424234088,0.063080872,0.22008134,0.344960852,0.35504001,0.570897721,0.494664835,0.065402477,0.677726281,0.724605867,0.283542163,0.395078373,0.908326065
0.230067499,0.07581182,0.879226719,0.556337735,0.505576813,0.240604708,0.246042428,0.627725401,0.839319303,0.870160451,0.494081401,0.812385357,0.225436812,0.131289581,0.923395472,0.327195201,0.554788783,0.051877275,0.108851697,0.154806913,0.166113668
0.211080492,0.184714798,0.669540012,0.01512448,0.564413083,0.340922797,0.226507556,0.539013014,0.271366569,0.897044661,0.965629062,0.951399109,0.803215512,0.725403026,0.632791426,0.528673922,0.467552178,0.672158481,0.178704708,0.67770661,0.492050082
0.72764536,0.351333947,0.581295178,0.935896456,0.323893814,0.33547108,0.97313017,0.614361492,0.622518292,0.242575294,0.208333986,0.82237478,0.856128866,0.893753886,0.991145886,0.994085547,0.893577287,0.346819134,0.817487539,0.232763582,0.366773511
0.89179338,0.267690595,0.111479035,0.89042065,0.54249606,0.282341127,0.986679788,0.508778303,0.291921473,0.611330792,0.192107229,0.310290712,0.651666597,0.989762967,0.294857333,0.813639371,0.160643534,0.773693645,0.776020194,0.406467999,0.047003947
0.697353012,0.014535343,0.525407749,0.146638444,0.681714535,0.547431806,0.770975384,0.132891512,0.068209062,0.737087714,0.17405586,0.149862647,0.815328922,0.408432978,0.659760474,0.084062033,0.545180991,0.17837046,0.112883585,0.644364087,0.529997825
0.337305981,0.272230938,0.166564991,0.503865031,0.201128996,0.291500647,0.872684036,0.442299118,0.573279584,0.641187624,0.824741616,0.946677722,0.057506069,0.617099172,0.962395595,0.191280594,0.224421916,0.224112933,0.04021492,0.246249059,0.944869754
0.514571555,0.654037171,0.031926159,0.772194404,0.647010618,0.969886819,0.210037147,0.286594466,0.691849729,0.527534164,0.88305761,0.751226272,0.746291154,0.501650517,0.836336023,0.21495834,0.493086273,0.329923573,0.300072918,0.891399458,0.124245698
0.882153031,0.030139924,0.958170656,0.435330947,0.729895969,0.423366591,0.237952943,0.161405049,0.15611654,0.852308474,0.637426473,0.71724799,0.35597437,0.747107451,0.286110388,0.485663957,0.215528569,0.81543753,0.257093343,0.266081003,0.062946103
0.699519851,0.499252287,0.826338594,0.695159757,0.841229196,0.30744405,0.679535264,0.733540236,0.831890487,0.003494697,0.670836902,0.509921475,0.108083602,0.031229804,0.121580972,0.222887258,0.447157626,0.089228458,0.918496761,0.891399372,0.951418154
0.604216244,0.489854055,0.005089008,0.687651675,0.41872971,0.488947319,0.22339614,0.949903255,0.869409585,0.456294032,0.082146247,0.591598324,0.907426665,0.515803885,0.408504612,0.418752861,0.912045582,0.147406263,0.392613266,0.397914515,0.302824938
0.736907625,0.478581945,0.287120814,0.505320232,0.687598067,0.123150686,0.900120434,0.804954628,0.411762823,0.590052817,0.961309771,0.398075981,0.677836943,0.042094672,0.089123802,0.385595698,0.776159106,0.775645732,0.766112469,0.535479515,0.377763671
0.662919451,0.855391584,0.079302027,0.961423201,0.17733843,0.964751846,0.694039852,0.643031307,0.749625633,0.22128833,0.193299319,0.699852873,0.937942716,0.975970467,0.340684317,0.772630779,0.740179757,0.771196058,0.871639746,0.911356884,0.191356727
0.771045082,0.907167532,0.56441456,0.657914379,0.086834075,0.766966066,0.505062171,0.984435075,0.811872877,0.45456297,0.047740795,0.65376449,0.225410324,0.436449739,0.760825478,0.280795187,0.335782013,0.36112841,0.369705212,0.530426062,0.780812037
0.798502416,0.508861232,0.383826747,0.371005873,0.06889436,0.473499183,0.577239348,0.886835829,0.740226143,0.474965973,0.548676105,0.86567078,0.342443853,0.052230082,0.197726619,0.829942627,0.440895105,0.831240496,0.204662318,0.11210944,0.749331705
0.01875302,0.254999269,0.518944938,0.210642068,0.92453153,0.856116449,0.529983511,0.805998266,0.068735904,0.006656754,0.378549808,0.405479641,0.99015113,0.202867175,0.991415348,0.590580199,0.114092562,0.970633703,0.306827209,0.547375442,0.370145671
0.514681101,0.277124577,0.42279562,0.1021085,0.787531615,0.555882454,0.062196411,0.381720683,0.940764015,0.278414946,0.013120025,0.137322913,0.083296636,0.920351194,0.683824095,0.243877198,0.829371489,0.425141215,0.428202528,0.310334885,0.619652908
0.270865979,0.724266561,0.468749684,0.274400227,0.715203623,0.310558586,0.752705948,0.829393253,0.149415073,0.931836884,0.333575427,0.2354497,0.507774879,0.075023285,0.046179202,0.924568916,0.26729695,0.053748505,0.316254586,0.529944227,0.216293098
0.029944132,0.357114925,0.4336837,0.236021367,0.053522878,0.478775438,0.77684969,0.212958476,0.176577693,0.015163025,0.636444622,0.806125517,0.612261339,0.237553644,0.971063528,0.024794933,0.948488835,0.729074625,0.091874698,0.428265129,0.553503702
